frame_id,part_id,track_id,object_type,cx,cy,cz,width,length,height,volume,x_min,y_min,z_min,x_max,y_max,z_max,num_points,GT_id
2047,2,119,pedestrian,3.264845648,7.252227249,-1.036989558,0.254118919,0.475808144,0.395244598,0.047789756,2.921938896,7.085059166,-1.197453499,3.176057816,7.56086731,-0.8022089,91,1
2047,2,30,vehicle,0.669800995,5.883374364,-1.128735663,2.039925575,1.212539673,0.181948662,0.450048321,-0.263479233,5.375703812,-1.199915886,1.776446342,6.588243484,-1.017967224,639,2
2048,2,119,pedestrian,2.947683692,7.349918563,-1.050718264,0.298834801,0.434418678,0.380318642,0.049372745,2.381496429,7.305574417,-1.196602821,2.68033123,7.739993095,-0.81628418,87,1
2048,2,30,vehicle,0.670349436,5.883199419,-1.129745399,2.077265739,1.36545372,0.171865463,0.487480958,-0.264280319,5.37259388,-1.199577332,1.81298542,6.7380476,-1.027711868,630,2
2049,2,119,pedestrian,2.541002724,7.386134109,-1.028846451,0.32272625,0.373856544,0.429620743,0.051835169,1.911735535,7.212433815,-1.195618629,2.234461784,7.586290359,-0.765997887,89,1
2049,2,30,vehicle,0.668666013,5.882566756,-1.129532118,2.024316788,1.244879723,0.177334785,0.446889143,-0.263650894,5.378393173,-1.199915886,1.760665894,6.623272896,-1.0225811,633,2
2050,2,30,vehicle,0.687907319,5.909899631,-1.117991332,2.046510696,2.021398544,0.424860001,1.757566689,-0.262013435,5.386296272,-1.199795723,1.784497261,7.407694817,-0.774935722,720,2
2051,2,30,vehicle,0.701170466,5.940595832,-1.114978283,2.040764809,2.247188568,0.460155487,2.110265401,-0.261383057,5.364830971,-1.199911118,1.779381752,7.612019539,-0.73975563,745,2
2052,2,30,vehicle,0.7093955,5.972977846,-1.108355404,2.045524597,2.085455894,0.48415184,2.065319771,-0.260891914,5.364889145,-1.199865341,1.784632683,7.450345039,-0.715713501,774,2
2053,2,30,vehicle,0.718911981,6.000077996,-1.10938537,2.03806591,2.042014122,0.490158081,2.039919987,-0.258998871,5.378603935,-1.199941635,1.779067039,7.420618057,-0.709783554,769,2
2054,2,30,vehicle,0.730857359,6.013207948,-1.115420415,2.103816032,2.20806694,0.379044533,1.760800824,-0.260089874,5.377530098,-1.199958801,1.843726158,7.585597038,-0.820914268,735,2
2055,2,30,vehicle,0.743397225,6.021604549,-1.11608688,2.131316185,2.442074776,0.355472565,1.850175511,-0.260346413,5.349812508,-1.199619293,1.870969772,7.791887283,-0.844146729,729,2
2056,2,30,vehicle,0.743601257,6.017890082,-1.129685518,2.300375938,2.554452896,0.193609238,1.137686985,-0.265423775,5.37874794,-1.19949913,2.034952164,7.933200836,-1.005889893,665,2
2057,2,30,vehicle,0.741424248,6.013508859,-1.128637623,2.19373703,2.436131477,0.192168236,1.026991603,-0.261844635,5.375452042,-1.199987411,1.931892395,7.811583519,-1.007819176,654,2
2058,2,30,vehicle,0.740754712,6.008927352,-1.128695548,2.170941353,2.436429977,0.188753128,0.998380714,-0.262516975,5.362600327,-1.199970245,1.908424377,7.799030304,-1.011217117,664,2
2059,2,30,vehicle,0.739364666,6.003962922,-1.128766682,2.176831245,2.42305851,0.179769516,0.948210397,-0.261689186,5.37556839,-1.199481964,1.915142059,7.7986269,-1.019712448,659,2
2060,2,30,vehicle,0.737838692,5.999591479,-1.129360069,2.097852707,2.338038445,0.19032383,0.933511792,-0.26276207,5.381308556,-1.199888229,1.835090637,7.719347,-1.0095644,666,2
2061,2,30,vehicle,0.734562295,5.995729052,-1.13156121,2.047558784,1.963380814,0.176042557,0.707715307,-0.262987137,5.381411552,-1.199850082,1.784571648,7.344792366,-1.023807526,637,2
2062,2,30,vehicle,0.725493581,5.983062612,-1.132057945,2.043146133,1.68234539,0.174476624,0.599724569,-0.261630058,5.380033493,-1.199958801,1.781516075,7.062378883,-1.025482178,618,2
2063,2,30,vehicle,0.717853031,5.970593453,-1.131272848,2.034915924,1.193626404,0.17569828,0.426758715,-0.266881943,5.388918877,-1.199615479,1.768033981,6.58254528,-1.023917198,610,2
2064,2,30,vehicle,0.710262955,5.960241212,-1.130851588,2.057027817,1.151856422,0.172487259,0.408691432,-0.261386871,5.393584251,-1.199941635,1.795640945,6.545440674,-1.027454376,611,2
2065,2,30,vehicle,0.703814335,5.949943009,-1.131694745,2.028549194,1.15096283,0.17363739,0.405405925,-0.265666962,5.37876606,-1.199443817,1.762882233,6.529728889,-1.025806427,610,2
2066,2,30,vehicle,0.696511157,5.941513532,-1.131060509,2.004154205,1.181404114,0.166118622,0.393321723,-0.260884285,5.375402451,-1.199554443,1.74326992,6.556806564,-1.033435822,606,2
2067,2,30,vehicle,0.691258703,5.933379205,-1.132126017,2.041302681,1.19649601,0.166665077,0.407064537,-0.263319016,5.368021011,-1.199536324,1.777983665,6.564517021,-1.032871246,612,2
2068,2,30,vehicle,0.687093918,5.926507356,-1.131867639,2.031570435,1.229432106,0.17168808,0.428821526,-0.263148308,5.380172729,-1.199964523,1.768422127,6.609604836,-1.028276443,612,2
2069,2,30,vehicle,0.68280291,5.920612578,-1.132345965,1.998914719,1.247109413,0.17311573,0.431554208,-0.261744499,5.383041382,-1.199448586,1.737170219,6.630150795,-1.026332855,608,2
2070,2,30,vehicle,0.690792893,5.921088274,-1.136008454,2.058641434,1.142053604,0.162961006,0.383134178,-0.194980621,5.429815292,-1.199895859,1.863660812,6.571868896,-1.036934853,574,2
2071,2,30,vehicle,0.732125552,5.932795535,-1.142800855,2.055801392,1.0470438,0.159280777,0.342854119,-0.003469467,5.533659935,-1.199685097,2.052331924,6.580703735,-1.04040432,513,2
2072,2,30,vehicle,0.835439605,5.96212019,-1.15428603,1.955264091,0.947332382,0.137793541,0.255232908,0.428324699,5.672822952,-1.199809074,2.383588791,6.620155334,-1.062015533,420,2
2073,2,30,vehicle,1.02393359,6.020598823,-1.165361502,1.952308655,0.798617363,0.105453491,0.164417557,0.983089447,5.958613396,-1.199538231,2.935398102,6.757230759,-1.09408474,284,2
2199,3,186,pedestrian,3.959282092,10.44358812,-0.915032719,0.878746033,0.767256737,0.752331734,0.507239971,2.85406971,10.45817852,-1.185630798,3.732815742,11.22543526,-0.433299065,129,3
2200,3,186,pedestrian,3.335088714,10.68946127,-0.857291314,0.877384186,0.3736763,0.855643272,0.280529215,2.013863564,10.87479782,-1.195339203,2.891247749,11.24847412,-0.33969593,145,3
2201,3,186,pedestrian,2.59569534,11.01705162,-0.809407296,0.893287659,0.669924736,0.907541275,0.543104916,1.21646595,11.24886131,-1.177796364,2.109753609,11.91878605,-0.270255089,155,3
2202,3,186,pedestrian,1.845415475,11.42399647,-0.764152356,1.002638817,1.030034065,1.034913063,1.068808677,0.661060333,11.56732845,-1.198513031,1.66369915,12.59736252,-0.163599968,167,3
2203,3,186,pedestrian,1.181046101,11.86871032,-0.732722899,1.042509079,1.305660248,1.118264198,1.522139473,0.172391891,11.78425503,-1.190995216,1.21490097,13.08991528,-0.072731018,184,3
2204,3,186,pedestrian,0.600341904,12.33840636,-0.713053306,1.18631649,1.357840538,1.154658318,1.859956666,-0.247468948,12.29855251,-1.198524475,0.938847542,13.65639305,-0.043866158,185,3
2205,3,186,pedestrian,0.106621979,12.80897491,-0.674778447,1.13133812,1.420231819,1.225408554,1.968940384,-0.557502747,12.74488163,-1.19921875,0.573835373,14.16511345,0.026189804,169,3
2206,3,186,pedestrian,-0.338109518,13.28708726,-0.676981621,1.237930298,1.492106438,1.258903503,2.325350581,-1.044275284,13.16427803,-1.198482513,0.193655014,14.65638447,0.06042099,169,3
