part_id,frame_id,num_points,timestamp
1,1849,18482,1.602859675265209e+18
1,1850,18516,1.602859675675879e+18
1,1851,18493,1.60285967608655e+18
1,1852,18482,1.6028596764972196e+18
1,1853,18453,1.6028596769078907e+18
1,1854,18520,1.6028596773185603e+18
1,1855,18493,1.602859677729231e+18
1,1856,18463,1.602859678139901e+18
1,1857,18512,1.6028596785505715e+18
1,1858,18492,1.6028596789612426e+18
1,1859,18488,1.6028596793719124e+18
1,1860,18499,1.6028596797825833e+18
1,1861,18461,1.6028596801932529e+18
1,1862,18481,1.6028596806039235e+18
1,1863,18435,1.602859681014593e+18
1,1864,18503,1.602859681425264e+18
1,1865,18486,1.6028596818359342e+18
1,1866,18487,1.602859682246605e+18
1,1867,18458,1.6028596826572756e+18
1,1868,18473,1.6028596830679452e+18
1,1869,18475,1.6028596834786163e+18
1,1870,18507,1.602859683889286e+18
1,1871,18509,1.6028596842999567e+18
1,1872,18461,1.6028596847106263e+18
1,1873,18500,1.6028596851212977e+18
1,1874,18497,1.6028596855319675e+18
1,1875,18464,1.6028596859426378e+18
1,1876,18439,1.6028596863533084e+18
1,1877,18482,1.6028596867639788e+18
1,1878,18501,1.6028596871746496e+18
1,1879,18513,1.6028596875853194e+18
1,1880,18473,1.6028596879959903e+18
1,1881,18499,1.60285968840666e+18
1,1882,18503,1.6028596888173307e+18
1,1883,18473,1.6028596892280005e+18
1,1884,18454,1.602859689638671e+18
1,1885,18487,1.6028596900493412e+18
1,1886,18489,1.6028596904600115e+18
1,1887,18506,1.6028596908706826e+18
1,1888,18472,1.6028596912813524e+18
1,1889,18472,1.6028596916920233e+18
1,1890,18486,1.6028596921026929e+18
1,1891,18472,1.602859692513364e+18
1,1892,18477,1.6028596929240335e+18
1,1893,18520,1.6028596933347044e+18
1,1894,18513,1.6028596937453745e+18
1,1895,18499,1.6028596941560448e+18
1,1896,18509,1.602859694566716e+18
1,1897,18491,1.6028596949773855e+18
1,1898,18494,1.6028596953880563e+18
1,1899,18517,1.602859695798726e+18
2,1900,18488,1.6028596962093972e+18
2,1901,18492,1.6028596966200668e+18
2,1902,18534,1.6028596970307374e+18
2,1903,18460,1.6028596974414075e+18
2,1904,18497,1.602859697852078e+18
2,1905,18516,1.6028596982627492e+18
2,1906,18451,1.6028596986734188e+18
2,1907,18561,1.6028596990840899e+18
2,1908,18524,1.6028596994947592e+18
2,1909,18514,1.60285969990543e+18
2,1910,18507,1.6028597003161e+18
2,1911,18496,1.6028597007267707e+18
2,1912,18515,1.602859701137441e+18
2,1913,18491,1.602859701548111e+18
2,1914,18494,1.6028597019587825e+18
2,1915,18507,1.602859702369452e+18
2,1916,18480,1.6028597027801226e+18
2,1917,18520,1.6028597031907927e+18
2,1918,18515,1.6028597036014636e+18
2,1919,18456,1.602859704012133e+18
2,1920,18498,1.602859704422804e+18
2,1921,18463,1.6028597048334735e+18
2,1922,18455,1.602859705244145e+18
2,1923,18467,1.6028597056548155e+18
2,1924,18463,1.602859706065485e+18
2,1925,18473,1.602859706476156e+18
2,1926,18487,1.6028597068868255e+18
2,1927,18464,1.6028597072974968e+18
2,1928,18450,1.6028597077081664e+18
2,1929,18447,1.6028597081188372e+18
2,1930,18483,1.6028597085295073e+18
2,1931,18473,1.6028597089401777e+18
2,1932,18433,1.602859709350848e+18
2,1933,18463,1.6028597097615183e+18
2,1934,18415,1.6028597101721894e+18
2,1935,18414,1.6028597105828588e+18
2,1936,18481,1.6028597109935299e+18
2,1937,18461,1.6028597114042e+18
2,1938,18465,1.6028597118148703e+18
2,1939,18474,1.60285971222554e+18
2,1940,18450,1.6028597126362107e+18
2,1941,18490,1.602859713046881e+18
2,1942,18446,1.602859713457551e+18
2,1943,18433,1.6028597138682227e+18
2,1944,18409,1.6028597142788923e+18
2,1945,18484,1.602859714689563e+18
2,1946,18450,1.6028597151002327e+18
2,1947,18438,1.6028597155109036e+18
2,1948,18425,1.6028597159215736e+18
2,1949,18455,1.6028597163322442e+18
2,1950,18451,1.6028597167429143e+18
2,1951,18447,1.602859717153585e+18
2,1952,18441,1.6028597175642555e+18
2,1953,18429,1.602859717974925e+18
2,1954,18426,1.6028597183855964e+18
2,1955,18458,1.602859718796266e+18
2,1956,18444,1.6028597192069363e+18
2,1957,18445,1.6028597196176064e+18
2,1958,18476,1.6028597200282775e+18
2,1959,18460,1.6028597204389473e+18
2,1960,18483,1.602859720849618e+18
2,1961,18417,1.602859721260289e+18
2,1962,18446,1.6028597216709583e+18
2,1963,18453,1.6028597220816294e+18
2,1964,18444,1.6028597224922995e+18
2,1965,18489,1.6028597229029699e+18
2,1966,18432,1.60285972331364e+18
2,1967,18423,1.6028597237243108e+18
2,1968,18498,1.6028597241349806e+18
2,1969,18472,1.6028597245456512e+18
2,1970,18427,1.6028597249563223e+18
2,1971,18397,1.602859725366992e+18
2,1972,18474,1.6028597257776627e+18
2,1973,18434,1.6028597261883323e+18
2,1974,18422,1.6028597265990031e+18
2,1975,18433,1.6028597270096727e+18
2,1976,18482,1.6028597274203438e+18
2,1977,18427,1.602859727831013e+18
2,1978,18488,1.6028597282416842e+18
2,1979,18431,1.602859728652355e+18
2,1980,18419,1.602859729063025e+18
2,1981,18411,1.602859729473696e+18
2,1982,18480,1.6028597298843656e+18
2,1983,18423,1.6028597302950364e+18
2,1984,18468,1.6028597307057062e+18
2,1985,18446,1.602859731116377e+18
2,1986,18431,1.6028597315270467e+18
2,1987,18447,1.6028597319377175e+18
2,1988,18465,1.6028597323483876e+18
2,1989,18438,1.602859732759058e+18
2,1990,18437,1.602859733169729e+18
2,1991,18448,1.6028597335803988e+18
2,1992,18427,1.6028597339910692e+18
2,1993,18451,1.6028597344017395e+18
2,1994,18457,1.60285973481241e+18
2,1995,18407,1.60285973522308e+18
2,1996,18433,1.602859735633751e+18
2,1997,18437,1.6028597360444209e+18
2,1998,18438,1.6028597364550912e+18
2,1999,18435,1.6028597368657623e+18
2,2000,18422,1.602859737276432e+18
2,2001,18400,1.6028597376871027e+18
2,2002,18416,1.6028597380977728e+18
2,2003,18438,1.6028597385084431e+18
2,2004,18428,1.6028597389191132e+18
2,2005,18417,1.602859739329784e+18
2,2006,18439,1.602859739740454e+18
2,2007,18464,1.6028597401511245e+18
2,2008,18446,1.602859740561795e+18
2,2009,18427,1.6028597409724654e+18
2,2010,18438,1.6028597413831363e+18
2,2011,18436,1.6028597417938058e+18
2,2012,18451,1.6028597422044764e+18
2,2013,18448,1.6028597426151462e+18
2,2014,18402,1.602859743025817e+18
2,2015,18396,1.6028597434364872e+18
2,2016,18418,1.6028597438471575e+18
2,2017,18410,1.6028597442578286e+18
2,2018,18387,1.6028597446684984e+18
2,2019,18453,1.6028597450791693e+18
2,2020,18412,1.6028597454898388e+18
2,2021,18447,1.60285974590051e+18
2,2022,18439,1.6028597463111795e+18
2,2023,18422,1.6028597467218506e+18
2,2024,18423,1.60285974713252e+18
2,2025,18402,1.602859747543191e+18
2,2026,18457,1.602859747953862e+18
2,2027,18427,1.6028597483645317e+18
2,2028,18449,1.6028597487752023e+18
2,2029,18424,1.6028597491858724e+18
2,2030,18401,1.6028597495965427e+18
2,2031,18409,1.6028597500072128e+18
2,2032,18403,1.6028597504178836e+18
2,2033,18405,1.6028597508285535e+18
2,2034,18388,1.602859751239224e+18
2,2035,18433,1.602859751649895e+18
2,2036,18408,1.6028597520605645e+18
2,2037,18467,1.6028597524712358e+18
2,2038,18392,1.6028597528819052e+18
2,2039,18412,1.602859753292576e+18
2,2040,18460,1.6028597537032458e+18
2,2041,18396,1.6028597541139164e+18
2,2042,18416,1.6028597545245868e+18
2,2043,18442,1.602859754935257e+18
2,2044,18434,1.6028597553459274e+18
2,2045,18452,1.6028597557565975e+18
2,2046,18387,1.602859756167269e+18
2,2047,18437,1.6028597565779384e+18
2,2048,18379,1.6028597569886095e+18
2,2049,18420,1.602859757399279e+18
2,2050,18413,1.60285975780995e+18
2,2051,18407,1.60285975822062e+18
2,2052,18385,1.6028597586312906e+18
2,2053,18367,1.6028597590419604e+18
2,2054,18378,1.6028597594526308e+18
2,2055,18376,1.602859759863302e+18
2,2056,18382,1.602859760273972e+18
2,2057,18405,1.6028597606846423e+18
2,2058,18393,1.602859761095312e+18
2,2059,18384,1.6028597615059832e+18
2,2060,18422,1.602859761916653e+18
2,2061,18409,1.6028597623273231e+18
2,2062,18421,1.6028597627379937e+18
2,2063,18470,1.6028597631486643e+18
2,2064,18402,1.6028597635593352e+18
2,2065,18437,1.6028597639700047e+18
2,2066,18405,1.6028597643806756e+18
2,2067,18424,1.6028597647913454e+18
2,2068,18407,1.6028597652020163e+18
2,2069,18417,1.602859765612686e+18
2,2070,18410,1.6028597660233567e+18
2,2071,18462,1.6028597664340268e+18
2,2072,18431,1.6028597668446976e+18
2,2073,18477,1.6028597672553684e+18
2,2074,18629,1.602859767666038e+18
2,2075,18660,1.6028597680767089e+18
2,2076,18678,1.6028597684873784e+18
2,2077,18674,1.6028597688980495e+18
2,2078,18636,1.6028597693087196e+18
2,2079,18638,1.6028597697193902e+18
2,2080,18651,1.6028597701300603e+18
2,2081,18692,1.6028597705407304e+18
2,2082,18647,1.6028597709514015e+18
2,2083,18639,1.6028597713620713e+18
2,2084,18643,1.602859771772742e+18
2,2085,18695,1.602859772183412e+18
2,2086,18637,1.6028597725940823e+18
2,2087,18647,1.6028597730047524e+18
2,2088,18619,1.6028597734154232e+18
2,2089,18655,1.6028597738260933e+18
2,2090,18716,1.602859774236764e+18
2,2091,18639,1.6028597746474342e+18
2,2092,18661,1.6028597750581043e+18
2,2093,18640,1.6028597754687752e+18
2,2094,18647,1.6028597758794447e+18
2,2095,18663,1.6028597762901156e+18
2,2096,18608,1.6028597767007854e+18
2,2097,18651,1.6028597771114565e+18
2,2098,18627,1.6028597775221263e+18
2,2099,18621,1.602859777932797e+18
2,2100,18640,1.6028597783434673e+18
2,2101,18659,1.602859778754137e+18
2,2102,18616,1.6028597791648087e+18
2,2103,18666,1.6028597795754783e+18
2,2104,18656,1.602859779986149e+18
2,2105,18667,1.6028597803968187e+18
2,2106,18653,1.6028597808074895e+18
2,2107,18648,1.6028597812181596e+18
2,2108,18643,1.6028597816288305e+18
2,2109,18624,1.6028597820395003e+18
2,2110,18651,1.602859782450171e+18
2,2111,18610,1.6028597828608422e+18
2,2112,18672,1.6028597832715116e+18
2,2113,18639,1.602859783682182e+18
2,2114,18598,1.6028597840928517e+18
2,2115,18653,1.6028597845035223e+18
2,2116,18638,1.6028597849141926e+18
2,2117,18641,1.6028597853248635e+18
2,2118,18628,1.6028597857355333e+18
2,2119,18601,1.6028597861462044e+18
2,2120,18629,1.6028597865568753e+18
2,2121,18615,1.6028597869675443e+18
2,2122,18606,1.6028597873782154e+18
2,2123,18627,1.6028597877888855e+18
2,2124,18625,1.602859788199556e+18
2,2125,18604,1.602859788610226e+18
2,2126,18626,1.6028597890208965e+18
2,2127,18621,1.6028597894315663e+18
2,2128,18637,1.6028597898422372e+18
2,2129,18677,1.6028597902529083e+18
2,2130,18624,1.6028597906635776e+18
2,2131,18643,1.6028597910742487e+18
2,2132,18632,1.6028597914849183e+18
2,2133,18645,1.602859791895589e+18
2,2134,18652,1.6028597923062592e+18
2,2135,18636,1.6028597927169295e+18
2,2136,18640,1.6028597931275999e+18
2,2137,18629,1.6028597935382702e+18
2,2138,18628,1.6028597939489418e+18
2,2139,18644,1.6028597943596111e+18
2,2140,18635,1.6028597947702815e+18
2,2141,18626,1.6028597951809516e+18
2,2142,18603,1.6028597955916224e+18
2,2143,18624,1.6028597960022922e+18
2,2144,18616,1.6028597964129623e+18
2,2145,18634,1.6028597968236334e+18
2,2146,18642,1.6028597972343035e+18
2,2147,18613,1.6028597976449743e+18
2,2148,18649,1.602859798055644e+18
2,2149,18608,1.6028597984663148e+18
2,2150,18595,1.6028597988769843e+18
2,2151,18648,1.6028597992876557e+18
2,2152,18615,1.6028597996983255e+18
2,2153,18673,1.6028598001089964e+18
2,2154,18623,1.602859800519666e+18
2,2155,18616,1.6028598009303368e+18
3,2156,18633,1.6028598013410068e+18
3,2157,18620,1.6028598017516774e+18
3,2158,18621,1.6028598021623483e+18
3,2159,18618,1.6028598025730176e+18
3,2160,18605,1.6028598029836887e+18
3,2161,18636,1.602859803394359e+18
3,2162,18611,1.602859803805029e+18
3,2163,18583,1.6028598042156995e+18
3,2164,18607,1.60285980462637e+18
3,2165,18621,1.60285980503704e+18
3,2166,18634,1.6028598054477107e+18
3,2167,18594,1.6028598058583816e+18
3,2168,18624,1.6028598062690511e+18
3,2169,18633,1.602859806679722e+18
3,2170,18637,1.6028598070903918e+18
3,2171,18622,1.6028598075010624e+18
3,2172,18596,1.6028598079117325e+18
3,2173,18636,1.6028598083224033e+18
3,2174,18624,1.6028598087330734e+18
3,2175,18640,1.6028598091437435e+18
3,2176,18601,1.6028598095544143e+18
3,2177,18637,1.6028598099650844e+18
3,2178,18587,1.6028598103757555e+18
3,2179,18652,1.602859810786425e+18
3,2180,18635,1.6028598111970954e+18
3,2181,18569,1.6028598116077655e+18
3,2182,18589,1.6028598120184366e+18
3,2183,18631,1.602859812429106e+18
3,2184,18642,1.6028598128397765e+18
3,2185,18592,1.602859813250448e+18
3,2186,18601,1.6028598136611174e+18
3,2187,18633,1.6028598140717883e+18
3,2188,18582,1.602859814482458e+18
3,2189,18604,1.6028598148931287e+18
3,2190,18645,1.602859815303799e+18
3,2191,18599,1.6028598157144696e+18
3,2192,18627,1.6028598161251397e+18
3,2193,18663,1.60285981653581e+18
3,2194,18610,1.6028598169464812e+18
3,2195,18616,1.6028598173571507e+18
3,2196,18610,1.6028598177678216e+18
3,2197,18636,1.6028598181784916e+18
3,2198,18616,1.602859818589162e+18
3,2199,18633,1.602859818999832e+18
3,2200,18654,1.6028598194105024e+18
3,2201,18647,1.6028598198211727e+18
3,2202,18655,1.6028598202318436e+18
3,2203,18674,1.602859820642514e+18
3,2204,18699,1.602859821053184e+18
3,2205,18685,1.6028598214638548e+18
3,2206,18709,1.6028598218745244e+18
3,2207,18740,1.6028598222851955e+18
3,2208,18707,1.602859822695865e+18
3,2209,18727,1.602859823106536e+18
3,2210,18665,1.6028598235172055e+18
3,2211,18671,1.6028598239278766e+18
3,2212,18694,1.6028598243385467e+18
3,2213,18695,1.6028598247492173e+18
3,2214,18621,1.602859825159888e+18
3,2215,18670,1.602859825570558e+18
3,2216,18556,1.6028598259812288e+18
3,2217,18422,1.6028598263918986e+18
3,2218,18271,1.6028598268025687e+18
3,2219,18136,1.6028598272132396e+18
3,2220,18288,1.60285982762391e+18
3,2221,18456,1.60285982803458e+18
3,2222,18644,1.6028598284452503e+18
3,2223,18655,1.6028598288559214e+18
3,2224,18650,1.6028598292665907e+18
3,2225,18612,1.6028598296772618e+18
3,2226,18610,1.6028598300879316e+18
3,2227,18644,1.6028598304986025e+18
3,2228,18640,1.6028598309092723e+18
3,2229,18634,1.6028598313199432e+18
3,2230,18658,1.6028598317306127e+18
3,2231,18565,1.6028598321412836e+18
3,2232,18593,1.6028598325519547e+18
3,2233,18600,1.6028598329626243e+18
3,2234,18598,1.602859833373295e+18
3,2235,18625,1.6028598337839647e+18
3,2236,18609,1.6028598341946355e+18
3,2237,18576,1.602859834605305e+18
3,2238,18599,1.602859835015976e+18
3,2239,18615,1.6028598354266463e+18
3,2240,18553,1.6028598358373166e+18
3,2241,18584,1.6028598362479877e+18
3,2242,18611,1.6028598366586575e+18
3,2243,18608,1.6028598370693284e+18
3,2244,18613,1.602859837479998e+18
3,2245,18605,1.6028598378906683e+18
3,2246,18578,1.6028598383013386e+18
3,2247,18608,1.6028598387120095e+18
3,2248,18633,1.6028598391226793e+18
3,2249,18561,1.6028598395333496e+18
3,2250,18566,1.6028598399440207e+18
3,2251,18585,1.6028598403546903e+18
3,2252,18601,1.6028598407653617e+18
3,2253,18581,1.6028598411760307e+18
3,2254,18623,1.602859841586702e+18
3,2255,18612,1.602859841997372e+18
3,2256,18558,1.6028598424080422e+18
3,2257,18574,1.6028598428187123e+18
3,2258,18575,1.6028598432293832e+18
3,2259,18607,1.6028598436400535e+18
3,2260,18558,1.6028598440507236e+18
3,2261,18574,1.6028598444613947e+18
3,2262,18547,1.602859844872064e+18
3,2263,18600,1.6028598452827348e+18
3,2264,18586,1.6028598456934047e+18
3,2265,18607,1.6028598461040755e+18
3,2266,18589,1.6028598465147456e+18
3,2267,18558,1.6028598469254164e+18
3,2268,18552,1.6028598473360863e+18
3,2269,18544,1.6028598477467566e+18
3,2270,18581,1.602859848157428e+18
3,2271,18566,1.6028598485680975e+18
3,2272,18558,1.6028598489787684e+18
3,2273,18565,1.6028598493894382e+18
3,2274,18573,1.6028598498001093e+18
3,2275,18575,1.6028598502107791e+18
3,2276,18561,1.6028598506214492e+18
3,2277,18620,1.6028598510321196e+18
3,2278,18581,1.6028598514427904e+18
3,2279,18519,1.6028598518534607e+18
3,2280,18601,1.602859852264131e+18
3,2281,18577,1.6028598526748014e+18
3,2282,18580,1.6028598530854715e+18
3,2283,18595,1.6028598534961423e+18
3,2284,18587,1.602859853906812e+18
3,2285,18550,1.6028598543174828e+18
3,2286,18560,1.6028598547281523e+18
3,2287,18546,1.6028598551388234e+18
3,2288,18557,1.6028598555494943e+18
3,2289,18565,1.602859855960164e+18
3,2290,18574,1.6028598563708347e+18
3,2291,18532,1.6028598567815043e+18
3,2292,18541,1.602859857192175e+18
3,2293,18579,1.6028598576028452e+18
3,2294,18525,1.602859858013516e+18
3,2295,18528,1.602859858424186e+18
3,2296,18599,1.6028598588348567e+18
3,2297,18576,1.6028598592455278e+18
3,2298,18596,1.602859859656197e+18
3,2299,18580,1.602859860066868e+18
3,2300,18564,1.6028598604775375e+18
3,2301,18583,1.6028598608882086e+18
3,2302,18586,1.602859861298878e+18
3,2303,18566,1.602859861709549e+18
3,2304,18518,1.6028598621202191e+18
3,2305,18554,1.6028598625308897e+18
3,2306,18528,1.6028598629415603e+18
3,2307,18512,1.60285986335223e+18
3,2308,18557,1.6028598637629015e+18
3,2309,18566,1.6028598641735703e+18
3,2310,18576,1.6028598645842417e+18
3,2311,18652,1.6028598649949115e+18
3,2312,18648,1.6028598654055823e+18
3,2313,18635,1.6028598658162524e+18
3,2314,18639,1.6028598662269228e+18
3,2315,18646,1.602859866637593e+18
3,2316,18645,1.6028598670482632e+18
3,2317,18656,1.6028598674589343e+18
3,2318,18641,1.6028598678696038e+18
3,2319,18619,1.6028598682802747e+18
3,2320,18656,1.602859868690945e+18
3,2321,18628,1.6028598691016156e+18
3,2322,18626,1.6028598695122852e+18
3,2323,18649,1.602859869922956e+18
3,2324,18633,1.6028598703336264e+18
3,2325,18635,1.6028598707442967e+18
3,2326,18665,1.6028598711549678e+18
3,2327,18648,1.602859871565637e+18
3,2328,18628,1.6028598719763082e+18
3,2329,18629,1.6028598723869775e+18
3,2330,18631,1.6028598727976486e+18
3,2331,18635,1.6028598732083187e+18
3,2332,18601,1.6028598736189893e+18
3,2333,18616,1.6028598740296591e+18
3,2334,18619,1.6028598744403295e+18
3,2335,18626,1.6028598748510008e+18
3,2336,18636,1.6028598752616704e+18
3,2337,18633,1.6028598756723412e+18
3,2338,18631,1.602859876083011e+18
3,2339,18632,1.602859876493682e+18
3,2340,18622,1.6028598769043515e+18
3,2341,18649,1.6028598773150223e+18
3,2342,18641,1.6028598777256924e+18
3,2343,18618,1.602859878136363e+18
3,2344,18595,1.602859878547034e+18
3,2345,18640,1.6028598789577037e+18
3,2346,18608,1.6028598793683748e+18
3,2347,18607,1.6028598797790438e+18
3,2348,18609,1.6028598801897152e+18
3,2349,18606,1.6028598806003853e+18
3,2350,18607,1.6028598810110556e+18
3,2351,18631,1.6028598814217254e+18
3,2352,18632,1.6028598818323963e+18
3,2353,18608,1.602859882243067e+18
3,2354,18625,1.6028598826537367e+18
3,2355,18655,1.6028598830644078e+18
3,2356,18577,1.602859883475077e+18
3,2357,18606,1.6028598838857482e+18
3,2358,18578,1.6028598842964175e+18
3,2359,18599,1.602859884707089e+18
3,2360,18627,1.6028598851177587e+18
3,2361,18636,1.6028598855284296e+18
3,2362,18632,1.6028598859391004e+18
3,2363,18632,1.60285988634977e+18
3,2364,18626,1.602859886760441e+18
3,2365,18637,1.602859887171111e+18
3,2366,18638,1.6028598875817815e+18
3,2367,18625,1.602859887992451e+18
3,2368,18590,1.602859888403122e+18
3,2369,18609,1.6028598888137915e+18
3,2370,18615,1.6028598892244623e+18
3,2371,18618,1.602859889635133e+18
3,2372,18663,1.6028598900458033e+18
3,2373,18607,1.6028598904564744e+18
3,2374,18596,1.6028598908671437e+18
3,2375,18602,1.6028598912778143e+18
3,2376,18653,1.6028598916884844e+18
3,2377,18671,1.6028598920991552e+18
3,2378,18616,1.6028598925098253e+18
3,2379,18646,1.6028598929204959e+18
3,2380,18632,1.6028598933311657e+18
3,2381,18662,1.6028598937418363e+18
3,2382,18655,1.6028598941525071e+18
3,2383,18602,1.6028598945631772e+18
3,2384,18607,1.602859894973848e+18
3,2385,18664,1.602859895384518e+18
3,2386,18591,1.6028598957951885e+18
3,2387,18642,1.6028598962058583e+18
3,2388,18617,1.6028598966165292e+18
3,2389,18606,1.6028598970271987e+18
3,2390,18578,1.6028598974378698e+18
3,2391,18598,1.6028598978485407e+18
3,2392,18614,1.6028598982592102e+18
3,2393,18617,1.602859898669881e+18
3,2394,18622,1.602859899080551e+18
3,2395,18636,1.6028598994912215e+18
3,2396,18626,1.602859899901891e+18
3,2397,18660,1.602859900312562e+18
3,2398,18645,1.6028599007232323e+18
3,2399,18602,1.602859901133903e+18
3,2400,18577,1.602859901544574e+18
3,2401,18595,1.6028599019552435e+18
3,2402,18624,1.6028599023659144e+18
3,2403,18617,1.602859902776584e+18
3,2404,18600,1.6028599031872548e+18
3,2405,18596,1.6028599035979246e+18
3,2406,18644,1.6028599040085955e+18
3,2407,18692,1.6028599044192655e+18
3,2408,18611,1.602859904829936e+18
3,2409,18609,1.6028599052406072e+18
3,2410,18665,1.6028599056512763e+18
3,2411,18636,1.6028599060619471e+18
3,2412,18626,1.6028599064726172e+18
3,2413,18597,1.6028599068832883e+18
3,2414,18637,1.602859907293958e+18
4,2415,18671,1.6028599077046285e+18
4,2416,18669,1.6028599081152983e+18
4,2417,18622,1.6028599085259694e+18
4,2418,18674,1.6028599089366403e+18
4,2419,18670,1.6028599093473098e+18
4,2420,18663,1.6028599097579807e+18
4,2421,18560,1.6028599101686502e+18
4,2422,18609,1.602859910579321e+18
4,2423,18642,1.6028599109899912e+18
4,2424,18616,1.6028599114006615e+18
4,2425,18588,1.6028599118113318e+18
4,2426,18531,1.602859912222002e+18
4,2427,18607,1.6028599126326728e+18
4,2428,18636,1.6028599130433428e+18
4,2429,18580,1.602859913454014e+18
4,2430,18607,1.6028599138646833e+18
4,2431,18611,1.6028599142753544e+18
4,2432,18566,1.602859914686024e+18
4,2433,18613,1.602859915096695e+18
4,2434,18565,1.6028599155073649e+18
4,2435,18611,1.6028599159180357e+18
4,2436,18565,1.6028599163287055e+18
4,2437,18575,1.6028599167393764e+18
4,2438,18608,1.6028599171500475e+18
4,2439,18581,1.6028599175607168e+18
4,2440,18561,1.6028599179713876e+18
4,2441,18577,1.6028599183820575e+18
4,2442,18554,1.6028599187927283e+18
4,2443,18588,1.602859919203398e+18
4,2444,18523,1.6028599196140687e+18
4,2445,18581,1.6028599200247388e+18
4,2446,18580,1.6028599204354094e+18
4,2447,18582,1.6028599208460805e+18
4,2448,18598,1.6028599212567498e+18
4,2449,18560,1.6028599216674207e+18
4,2450,18573,1.6028599220780908e+18
4,2451,18576,1.602859922488761e+18
4,2452,18569,1.6028599228994312e+18
4,2453,18576,1.602859923310102e+18
4,2454,18571,1.602859923720772e+18
4,2455,18568,1.6028599241314424e+18
4,2456,18607,1.6028599245421133e+18
4,2457,18547,1.602859924952783e+18
4,2458,18590,1.602859925363454e+18
4,2459,18535,1.602859925774124e+18
4,2460,18607,1.6028599261847944e+18
4,2461,18572,1.6028599265954644e+18
4,2462,18557,1.6028599270061353e+18
4,2463,18573,1.602859927416805e+18
4,2464,18610,1.6028599278274757e+18
4,2465,18602,1.602859928238147e+18
4,2466,18558,1.6028599286488164e+18
4,2467,18503,1.6028599290594872e+18
4,2468,18492,1.602859929470157e+18
4,2469,18558,1.602859929880828e+18
4,2470,18555,1.6028599302914975e+18
4,2471,18590,1.6028599307021683e+18
4,2472,18551,1.6028599311128384e+18
4,2473,18557,1.6028599315235087e+18
4,2474,18592,1.6028599319341798e+18
4,2475,18590,1.6028599323448497e+18
4,2476,18575,1.6028599327555203e+18
4,2477,18571,1.6028599331661903e+18
4,2478,18560,1.6028599335768612e+18
4,2479,18567,1.6028599339875308e+18
4,2480,18580,1.6028599343982016e+18
4,2481,18570,1.6028599348088714e+18
4,2482,18560,1.6028599352195423e+18
4,2483,18605,1.6028599356302126e+18
4,2484,18561,1.6028599360408824e+18
4,2485,18562,1.6028599364515535e+18
4,2486,18557,1.602859936862223e+18
4,2487,18571,1.6028599372728942e+18
4,2488,18580,1.602859937683564e+18
4,2489,18548,1.6028599380942351e+18
4,2490,18554,1.6028599385049047e+18
4,2491,18546,1.6028599389155756e+18
4,2492,18558,1.602859939326245e+18
4,2493,18548,1.6028599397369155e+18
4,2494,18546,1.602859940147587e+18
4,2495,18586,1.6028599405582564e+18
4,2496,18571,1.6028599409689275e+18
4,2497,18592,1.6028599413795973e+18
4,2498,18562,1.6028599417902684e+18
4,2499,18551,1.602859942200938e+18
4,2500,18528,1.6028599426116083e+18
4,2501,18538,1.6028599430222787e+18
4,2502,18562,1.6028599434329487e+18
4,2503,18535,1.6028599438436204e+18
4,2504,18564,1.6028599442542897e+18
4,2505,18575,1.6028599446649603e+18
4,2506,18527,1.6028599450756303e+18
4,2507,18580,1.6028599454863014e+18
4,2508,18570,1.6028599458969713e+18
4,2509,18534,1.6028599463076416e+18
4,2510,18578,1.602859946718312e+18
4,2511,18541,1.6028599471289823e+18
4,2512,18578,1.602859947539653e+18
4,2513,18582,1.6028599479503227e+18
4,2514,18541,1.6028599483609935e+18
4,2515,18569,1.6028599487716636e+18
4,2516,18529,1.6028599491823345e+18
4,2517,18553,1.602859949593004e+18
4,2518,18563,1.6028599500036746e+18
4,2519,18528,1.6028599504143447e+18
4,2520,18549,1.6028599508250153e+18
4,2521,18540,1.6028599512356867e+18
4,2522,18548,1.6028599516463562e+18
4,2523,18544,1.602859952057027e+18
4,2524,18544,1.6028599524676966e+18
4,2525,18595,1.602859952878368e+18
4,2526,18528,1.602859953289037e+18
4,2527,18541,1.602859953699708e+18
4,2528,18582,1.6028599541103782e+18
4,2529,18562,1.6028599545210483e+18
4,2530,18529,1.6028599549317194e+18
4,2531,18547,1.6028599553423895e+18
4,2532,18526,1.6028599557530606e+18
4,2533,18534,1.60285995616373e+18
4,2534,18562,1.6028599565744008e+18
4,2535,18550,1.6028599569850708e+18
4,2536,18566,1.6028599573957414e+18
4,2537,18529,1.6028599578064113e+18
4,2538,18560,1.6028599582170819e+18
4,2539,18536,1.602859958627752e+18
4,2540,18577,1.6028599590384223e+18
4,2541,18578,1.602859959449093e+18
4,2542,18586,1.6028599598597632e+18
4,2543,18537,1.602859960270434e+18
4,2544,18543,1.602859960681104e+18
4,2545,18547,1.6028599610917747e+18
4,2546,18551,1.6028599615024448e+18
4,2547,18620,1.6028599619131151e+18
4,2548,18643,1.6028599623237852e+18
4,2549,18616,1.6028599627344558e+18
4,2550,18637,1.6028599631451264e+18
4,2551,18622,1.6028599635557962e+18
4,2552,18636,1.602859963966467e+18
4,2553,18616,1.6028599643771374e+18
4,2554,18589,1.6028599647878075e+18
4,2555,18609,1.6028599651984776e+18
4,2556,18599,1.6028599656091484e+18
4,2557,18605,1.602859966019818e+18
4,2558,18625,1.602859966430489e+18
4,2559,18607,1.6028599668411597e+18
4,2560,18588,1.6028599672518295e+18
4,2561,18532,1.6028599676625004e+18
4,2562,18620,1.6028599680731704e+18
4,2563,18581,1.602859968483841e+18
4,2564,18622,1.602859968894511e+18
4,2565,18600,1.602859969305182e+18
4,2566,18578,1.6028599697158515e+18
