part_id,frame_id,dt_ms,frame_gap
1,1849,,
1,1850,410.669824,1.0
1,1851,410.671104,1.0
1,1852,410.669568,1.0
1,1853,410.671104,1.0
1,1854,410.669568,1.0
1,1855,410.670848,1.0
1,1856,410.669824,1.0
1,1857,410.670592,1.0
1,1858,410.671104,1.0
1,1859,410.669824,1.0
1,1860,410.670848,1.0
1,1861,410.669568,1.0
1,1862,410.670592,1.0
1,1863,410.669568,1.0
1,1864,410.671104,1.0
1,1865,410.67008,1.0
1,1866,410.670848,1.0
1,1867,410.670592,1.0
1,1868,410.669568,1.0
1,1869,410.671104,1.0
1,1870,410.669568,1.0
1,1871,410.670848,1.0
1,1872,410.669568,1.0
1,1873,410.67136,1.0
1,1874,410.669824,1.0
1,1875,410.670336,1.0
1,1876,410.670592,1.0
1,1877,410.670336,1.0
1,1878,410.670848,1.0
1,1879,410.669824,1.0
1,1880,410.670848,1.0
1,1881,410.669824,1.0
1,1882,410.670592,1.0
1,1883,410.669824,1.0
1,1884,410.670592,1.0
1,1885,410.67008,1.0
1,1886,410.670336,1.0
1,1887,410.671104,1.0
1,1888,410.669824,1.0
1,1889,410.670848,1.0
1,1890,410.669568,1.0
1,1891,410.671104,1.0
1,1892,410.669568,1.0
1,1893,410.670848,1.0
1,1894,410.67008,1.0
1,1895,410.670336,1.0
1,1896,410.671104,1.0
1,1897,410.669568,1.0
1,1898,410.670848,1.0
1,1899,410.669568,1.0
2,1900,410.67136,1.0
2,1901,410.669568,1.0
2,1902,410.670592,1.0
2,1903,410.67008,1.0
2,1904,410.670592,1.0
2,1905,410.671104,1.0
2,1906,410.669568,1.0
2,1907,410.671104,1.0
2,1908,410.669312,1.0
2,1909,410.670848,1.0
2,1910,410.67008,1.0
2,1911,410.670592,1.0
2,1912,410.670336,1.0
2,1913,410.67008,1.0
2,1914,410.67136,1.0
2,1915,410.669568,1.0
2,1916,410.670592,1.0
2,1917,410.67008,1.0
2,1918,410.670848,1.0
2,1919,410.669568,1.0
2,1920,410.670848,1.0
2,1921,410.669568,1.0
2,1922,410.67136,1.0
2,1923,410.670592,1.0
2,1924,410.669568,1.0
2,1925,410.670848,1.0
2,1926,410.669568,1.0
2,1927,410.67136,1.0
2,1928,410.669568,1.0
2,1929,410.670848,1.0
2,1930,410.67008,1.0
2,1931,410.670336,1.0
2,1932,410.670336,1.0
2,1933,410.670336,1.0
2,1934,410.671104,1.0
2,1935,410.669312,1.0
2,1936,410.671104,1.0
2,1937,410.67008,1.0
2,1938,410.670336,1.0
2,1939,410.669824,1.0
2,1940,410.670592,1.0
2,1941,410.670336,1.0
2,1942,410.67008,1.0
2,1943,410.671616,1.0
2,1944,410.669568,1.0
2,1945,410.670592,1.0
2,1946,410.669824,1.0
2,1947,410.670848,1.0
2,1948,410.67008,1.0
2,1949,410.670592,1.0
2,1950,410.67008,1.0
2,1951,410.670592,1.0
2,1952,410.670592,1.0
2,1953,410.669568,1.0
2,1954,410.67136,1.0
2,1955,410.669568,1.0
2,1956,410.670336,1.0
2,1957,410.67008,1.0
2,1958,410.671104,1.0
2,1959,410.669824,1.0
2,1960,410.670592,1.0
2,1961,410.671104,1.0
2,1962,410.669312,1.0
2,1963,410.671104,1.0
2,1964,410.67008,1.0
2,1965,410.670336,1.0
2,1966,410.67008,1.0
2,1967,410.670848,1.0
2,1968,410.669824,1.0
2,1969,410.670592,1.0
2,1970,410.671104,1.0
2,1971,410.669568,1.0
2,1972,410.670848,1.0
2,1973,410.669568,1.0
2,1974,410.670848,1.0
2,1975,410.669568,1.0
2,1976,410.671104,1.0
2,1977,410.669312,1.0
2,1978,410.671104,1.0
2,1979,410.670848,1.0
2,1980,410.669824,1.0
2,1981,410.671104,1.0
2,1982,410.669568,1.0
2,1983,410.670848,1.0
2,1984,410.669824,1.0
2,1985,410.670848,1.0
2,1986,410.669568,1.0
2,1987,410.670848,1.0
2,1988,410.67008,1.0
2,1989,410.670336,1.0
2,1990,410.671104,1.0
2,1991,410.669824,1.0
2,1992,410.670336,1.0
2,1993,410.670336,1.0
2,1994,410.670592,1.0
2,1995,410.669824,1.0
2,1996,410.671104,1.0
2,1997,410.669824,1.0
2,1998,410.670336,1.0
2,1999,410.671104,1.0
2,2000,410.669568,1.0
2,2001,410.670848,1.0
2,2002,410.67008,1.0
2,2003,410.670336,1.0
2,2004,410.67008,1.0
2,2005,410.670848,1.0
2,2006,410.669824,1.0
2,2007,410.670592,1.0
2,2008,410.670592,1.0
2,2009,410.670336,1.0
2,2010,410.670848,1.0
2,2011,410.669568,1.0
2,2012,410.670592,1.0
2,2013,410.669824,1.0
2,2014,410.670848,1.0
2,2015,410.67008,1.0
2,2016,410.670336,1.0
2,2017,410.671104,1.0
2,2018,410.669824,1.0
2,2019,410.670848,1.0
2,2020,410.669568,1.0
2,2021,410.671104,1.0
2,2022,410.669568,1.0
2,2023,410.671104,1.0
2,2024,410.669312,1.0
2,2025,410.671104,1.0
2,2026,410.670848,1.0
2,2027,410.669824,1.0
2,2028,410.670592,1.0
2,2029,410.67008,1.0
2,2030,410.670336,1.0
2,2031,410.67008,1.0
2,2032,410.670848,1.0
2,2033,410.669824,1.0
2,2034,410.670592,1.0
2,2035,410.670848,1.0
2,2036,410.669568,1.0
2,2037,410.67136,1.0
2,2038,410.669312,1.0
2,2039,410.670848,1.0
2,2040,410.669824,1.0
2,2041,410.670592,1.0
2,2042,410.670336,1.0
2,2043,410.670336,1.0
2,2044,410.670336,1.0
2,2045,410.67008,1.0
2,2046,410.671616,1.0
2,2047,410.669312,1.0
2,2048,410.671104,1.0
2,2049,410.669568,1.0
2,2050,410.670848,1.0
2,2051,410.67008,1.0
2,2052,410.670592,1.0
2,2053,410.669824,1.0
2,2054,410.670336,1.0
2,2055,410.671104,1.0
2,2056,410.67008,1.0
2,2057,410.670336,1.0
2,2058,410.669568,1.0
2,2059,410.67136,1.0
2,2060,410.669824,1.0
2,2061,410.67008,1.0
2,2062,410.670592,1.0
2,2063,410.670592,1.0
2,2064,410.670848,1.0
2,2065,410.669568,1.0
2,2066,410.670848,1.0
2,2067,410.669824,1.0
2,2068,410.670848,1.0
2,2069,410.669824,1.0
2,2070,410.670592,1.0
2,2071,410.67008,1.0
2,2072,410.670848,1.0
2,2073,410.670848,1.0
2,2074,410.669568,1.0
2,2075,410.670848,1.0
2,2076,410.669568,1.0
2,2077,410.671104,1.0
2,2078,410.67008,1.0
2,2079,410.670592,1.0
2,2080,410.67008,1.0
2,2081,410.67008,1.0
2,2082,410.671104,1.0
2,2083,410.669824,1.0
2,2084,410.670592,1.0
2,2085,410.67008,1.0
2,2086,410.670336,1.0
2,2087,410.67008,1.0
2,2088,410.670848,1.0
2,2089,410.67008,1.0
2,2090,410.670592,1.0
2,2091,410.670336,1.0
2,2092,410.67008,1.0
2,2093,410.670848,1.0
2,2094,410.669568,1.0
2,2095,410.670848,1.0
2,2096,410.669824,1.0
2,2097,410.671104,1.0
2,2098,410.669824,1.0
2,2099,410.670592,1.0
2,2100,410.670336,1.0
2,2101,410.669824,1.0
2,2102,410.671616,1.0
2,2103,410.669568,1.0
2,2104,410.670848,1.0
2,2105,410.669568,1.0
2,2106,410.670848,1.0
2,2107,410.67008,1.0
2,2108,410.670848,1.0
2,2109,410.669824,1.0
2,2110,410.670592,1.0
2,2111,410.67136,1.0
2,2112,410.669312,1.0
2,2113,410.670336,1.0
2,2114,410.669824,1.0
2,2115,410.670592,1.0
2,2116,410.670336,1.0
2,2117,410.670848,1.0
2,2118,410.669824,1.0
2,2119,410.671104,1.0
2,2120,410.670848,1.0
2,2121,410.669056,1.0
2,2122,410.671104,1.0
2,2123,410.67008,1.0
2,2124,410.670592,1.0
2,2125,410.669824,1.0
2,2126,410.670592,1.0
2,2127,410.669824,1.0
2,2128,410.670848,1.0
2,2129,410.671104,1.0
2,2130,410.669312,1.0
2,2131,410.671104,1.0
2,2132,410.669568,1.0
2,2133,410.670848,1.0
2,2134,410.67008,1.0
2,2135,410.670336,1.0
2,2136,410.670336,1.0
2,2137,410.670336,1.0
2,2138,410.671616,1.0
2,2139,410.669312,1.0
2,2140,410.670336,1.0
2,2141,410.67008,1.0
2,2142,410.670848,1.0
2,2143,410.669824,1.0
2,2144,410.67008,1.0
2,2145,410.671104,1.0
2,2146,410.67008,1.0
2,2147,410.670848,1.0
2,2148,410.669568,1.0
2,2149,410.670848,1.0
2,2150,410.669568,1.0
2,2151,410.67136,1.0
2,2152,410.669824,1.0
2,2153,410.670848,1.0
2,2154,410.669568,1.0
2,2155,410.670848,1.0
3,2156,410.67008,1.0
3,2157,410.670592,1.0
3,2158,410.670848,1.0
3,2159,410.669312,1.0
3,2160,410.671104,1.0
3,2161,410.670336,1.0
3,2162,410.67008,1.0
3,2163,410.670336,1.0
3,2164,410.670592,1.0
3,2165,410.67008,1.0
3,2166,410.670592,1.0
3,2167,410.670848,1.0
3,2168,410.669568,1.0
3,2169,410.670848,1.0
3,2170,410.669824,1.0
3,2171,410.670592,1.0
3,2172,410.67008,1.0
3,2173,410.670848,1.0
3,2174,410.67008,1.0
3,2175,410.67008,1.0
3,2176,410.670848,1.0
3,2177,410.67008,1.0
3,2178,410.671104,1.0
3,2179,410.669568,1.0
3,2180,410.670336,1.0
3,2181,410.67008,1.0
3,2182,410.671104,1.0
3,2183,410.669312,1.0
3,2184,410.670592,1.0
3,2185,410.67136,1.0
3,2186,410.669568,1.0
3,2187,410.670848,1.0
3,2188,410.669824,1.0
3,2189,410.670592,1.0
3,2190,410.670336,1.0
3,2191,410.670592,1.0
3,2192,410.67008,1.0
3,2193,410.670336,1.0
3,2194,410.671104,1.0
3,2195,410.669568,1.0
3,2196,410.670848,1.0
3,2197,410.67008,1.0
3,2198,410.670336,1.0
3,2199,410.67008,1.0
3,2200,410.670336,1.0
3,2201,410.670336,1.0
3,2202,410.670848,1.0
3,2203,410.670336,1.0
3,2204,410.67008,1.0
3,2205,410.670848,1.0
3,2206,410.669568,1.0
3,2207,410.671104,1.0
3,2208,410.669568,1.0
3,2209,410.670848,1.0
3,2210,410.669568,1.0
3,2211,410.671104,1.0
3,2212,410.67008,1.0
3,2213,410.670592,1.0
3,2214,410.670592,1.0
3,2215,410.67008,1.0
3,2216,410.670848,1.0
3,2217,410.669824,1.0
3,2218,410.67008,1.0
3,2219,410.670848,1.0
3,2220,410.670336,1.0
3,2221,410.67008,1.0
3,2222,410.670336,1.0
3,2223,410.671104,1.0
3,2224,410.669312,1.0
3,2225,410.671104,1.0
3,2226,410.669824,1.0
3,2227,410.670848,1.0
3,2228,410.669824,1.0
3,2229,410.670848,1.0
3,2230,410.669568,1.0
3,2231,410.670848,1.0
3,2232,410.671104,1.0
3,2233,410.669568,1.0
3,2234,410.670848,1.0
3,2235,410.669568,1.0
3,2236,410.670848,1.0
3,2237,410.669568,1.0
3,2238,410.670848,1.0
3,2239,410.670336,1.0
3,2240,410.670336,1.0
3,2241,410.671104,1.0
3,2242,410.669824,1.0
3,2243,410.670848,1.0
3,2244,410.669568,1.0
3,2245,410.670336,1.0
3,2246,410.670336,1.0
3,2247,410.670848,1.0
3,2248,410.669824,1.0
3,2249,410.670336,1.0
3,2250,410.671104,1.0
3,2251,410.669568,1.0
3,2252,410.67136,1.0
3,2253,410.669056,1.0
3,2254,410.67136,1.0
3,2255,410.669824,1.0
3,2256,410.670336,1.0
3,2257,410.67008,1.0
3,2258,410.670848,1.0
3,2259,410.670336,1.0
3,2260,410.67008,1.0
3,2261,410.671104,1.0
3,2262,410.669312,1.0
3,2263,410.670848,1.0
3,2264,410.669824,1.0
3,2265,410.670848,1.0
3,2266,410.67008,1.0
3,2267,410.670848,1.0
3,2268,410.669824,1.0
3,2269,410.670336,1.0
3,2270,410.67136,1.0
3,2271,410.669568,1.0
3,2272,410.670848,1.0
3,2273,410.669824,1.0
3,2274,410.671104,1.0
3,2275,410.669824,1.0
3,2276,410.67008,1.0
3,2277,410.670336,1.0
3,2278,410.670848,1.0
3,2279,410.670336,1.0
3,2280,410.670336,1.0
3,2281,410.670336,1.0
3,2282,410.67008,1.0
3,2283,410.670848,1.0
3,2284,410.669568,1.0
3,2285,410.670848,1.0
3,2286,410.669568,1.0
3,2287,410.671104,1.0
3,2288,410.670848,1.0
3,2289,410.669824,1.0
3,2290,410.670592,1.0
3,2291,410.669568,1.0
3,2292,410.670848,1.0
3,2293,410.67008,1.0
3,2294,410.670848,1.0
3,2295,410.67008,1.0
3,2296,410.670592,1.0
3,2297,410.671104,1.0
3,2298,410.669312,1.0
3,2299,410.670848,1.0
3,2300,410.669568,1.0
3,2301,410.671104,1.0
3,2302,410.669312,1.0
3,2303,410.671104,1.0
3,2304,410.67008,1.0
3,2305,410.670592,1.0
3,2306,410.670592,1.0
3,2307,410.669568,1.0
3,2308,410.671616,1.0
3,2309,410.6688,1.0
3,2310,410.67136,1.0
3,2311,410.669824,1.0
3,2312,410.670848,1.0
3,2313,410.67008,1.0
3,2314,410.670336,1.0
3,2315,410.670336,1.0
3,2316,410.67008,1.0
3,2317,410.671104,1.0
3,2318,410.669568,1.0
3,2319,410.670848,1.0
3,2320,410.670336,1.0
3,2321,410.670592,1.0
3,2322,410.669568,1.0
3,2323,410.670848,1.0
3,2324,410.670336,1.0
3,2325,410.670336,1.0
3,2326,410.671104,1.0
3,2327,410.669312,1.0
3,2328,410.671104,1.0
3,2329,410.669312,1.0
3,2330,410.671104,1.0
3,2331,410.67008,1.0
3,2332,410.670592,1.0
3,2333,410.669824,1.0
3,2334,410.670336,1.0
3,2335,410.67136,1.0
3,2336,410.669568,1.0
3,2337,410.670848,1.0
3,2338,410.669824,1.0
3,2339,410.670848,1.0
3,2340,410.669568,1.0
3,2341,410.670848,1.0
3,2342,410.67008,1.0
3,2343,410.670592,1.0
3,2344,410.671104,1.0
3,2345,410.669568,1.0
3,2346,410.671104,1.0
3,2347,410.669056,1.0
3,2348,410.67136,1.0
3,2349,410.67008,1.0
3,2350,410.670336,1.0
3,2351,410.669824,1.0
3,2352,410.670848,1.0
3,2353,410.670592,1.0
3,2354,410.669824,1.0
3,2355,410.671104,1.0
3,2356,410.669312,1.0
3,2357,410.671104,1.0
3,2358,410.669312,1.0
3,2359,410.67136,1.0
3,2360,410.669824,1.0
3,2361,410.670848,1.0
3,2362,410.670848,1.0
3,2363,410.669568,1.0
3,2364,410.671104,1.0
3,2365,410.669824,1.0
3,2366,410.670592,1.0
3,2367,410.669568,1.0
3,2368,410.670848,1.0
3,2369,410.669568,1.0
3,2370,410.670848,1.0
3,2371,410.670592,1.0
3,2372,410.670336,1.0
3,2373,410.671104,1.0
3,2374,410.669312,1.0
3,2375,410.670592,1.0
3,2376,410.67008,1.0
3,2377,410.670848,1.0
3,2378,410.67008,1.0
3,2379,410.670592,1.0
3,2380,410.669824,1.0
3,2381,410.670592,1.0
3,2382,410.670848,1.0
3,2383,410.67008,1.0
3,2384,410.670848,1.0
3,2385,410.669824,1.0
3,2386,410.670592,1.0
3,2387,410.669824,1.0
3,2388,410.670848,1.0
3,2389,410.669568,1.0
3,2390,410.671104,1.0
3,2391,410.670848,1.0
3,2392,410.669568,1.0
3,2393,410.670848,1.0
3,2394,410.669824,1.0
3,2395,410.670592,1.0
3,2396,410.669568,1.0
3,2397,410.670848,1.0
3,2398,410.670336,1.0
3,2399,410.670848,1.0
3,2400,410.670848,1.0
3,2401,410.669568,1.0
3,2402,410.670848,1.0
3,2403,410.669568,1.0
3,2404,410.670848,1.0
3,2405,410.669824,1.0
3,2406,410.670848,1.0
3,2407,410.67008,1.0
3,2408,410.670592,1.0
3,2409,410.671104,1.0
3,2410,410.669056,1.0
3,2411,410.670848,1.0
3,2412,410.67008,1.0
3,2413,410.671104,1.0
3,2414,410.669568,1.0
4,2415,410.670592,1.0
4,2416,410.669824,1.0
4,2417,410.671104,1.0
4,2418,410.670848,1.0
4,2419,410.669568,1.0
4,2420,410.670848,1.0
4,2421,410.669568,1.0
4,2422,410.670848,1.0
4,2423,410.67008,1.0
4,2424,410.670336,1.0
4,2425,410.670336,1.0
4,2426,410.67008,1.0
4,2427,410.670848,1.0
4,2428,410.67008,1.0
4,2429,410.671104,1.0
4,2430,410.669312,1.0
4,2431,410.671104,1.0
4,2432,410.669568,1.0
4,2433,410.671104,1.0
4,2434,410.669824,1.0
4,2435,410.670848,1.0
4,2436,410.669824,1.0
4,2437,410.670848,1.0
4,2438,410.671104,1.0
4,2439,410.669312,1.0
4,2440,410.670848,1.0
4,2441,410.669824,1.0
4,2442,410.670848,1.0
4,2443,410.669568,1.0
4,2444,410.670848,1.0
4,2445,410.67008,1.0
4,2446,410.670592,1.0
4,2447,410.671104,1.0
4,2448,410.669312,1.0
4,2449,410.670848,1.0
4,2450,410.67008,1.0
4,2451,410.670336,1.0
4,2452,410.67008,1.0
4,2453,410.670848,1.0
4,2454,410.67008,1.0
4,2455,410.670336,1.0
4,2456,410.670848,1.0
4,2457,410.669824,1.0
4,2458,410.670848,1.0
4,2459,410.67008,1.0
4,2460,410.670336,1.0
4,2461,410.67008,1.0
4,2462,410.670848,1.0
4,2463,410.669824,1.0
4,2464,410.670592,1.0
4,2465,410.67136,1.0
4,2466,410.669312,1.0
4,2467,410.670848,1.0
4,2468,410.669824,1.0
4,2469,410.670848,1.0
4,2470,410.669568,1.0
4,2471,410.670848,1.0
4,2472,410.67008,1.0
4,2473,410.670336,1.0
4,2474,410.671104,1.0
4,2475,410.669824,1.0
4,2476,410.670592,1.0
4,2477,410.67008,1.0
4,2478,410.670848,1.0
4,2479,410.669568,1.0
4,2480,410.670848,1.0
4,2481,410.669824,1.0
4,2482,410.670848,1.0
4,2483,410.670336,1.0
4,2484,410.669824,1.0
4,2485,410.671104,1.0
4,2486,410.669568,1.0
4,2487,410.671104,1.0
4,2488,410.669824,1.0
4,2489,410.671104,1.0
4,2490,410.669568,1.0
4,2491,410.670848,1.0
4,2492,410.669568,1.0
4,2493,410.670336,1.0
4,2494,410.671616,1.0
4,2495,410.669312,1.0
4,2496,410.671104,1.0
4,2497,410.669824,1.0
4,2498,410.671104,1.0
4,2499,410.669568,1.0
4,2500,410.670336,1.0
4,2501,410.670336,1.0
4,2502,410.67008,1.0
4,2503,410.671616,1.0
4,2504,410.669312,1.0
4,2505,410.670592,1.0
4,2506,410.67008,1.0
4,2507,410.671104,1.0
4,2508,410.669824,1.0
4,2509,410.670336,1.0
4,2510,410.670336,1.0
4,2511,410.670336,1.0
4,2512,410.670848,1.0
4,2513,410.669568,1.0
4,2514,410.670848,1.0
4,2515,410.67008,1.0
4,2516,410.670848,1.0
4,2517,410.669568,1.0
4,2518,410.670592,1.0
4,2519,410.67008,1.0
4,2520,410.670592,1.0
4,2521,410.67136,1.0
4,2522,410.669568,1.0
4,2523,410.670848,1.0
4,2524,410.669568,1.0
4,2525,410.67136,1.0
4,2526,410.669056,1.0
4,2527,410.670848,1.0
4,2528,410.670336,1.0
4,2529,410.67008,1.0
4,2530,410.671104,1.0
4,2531,410.67008,1.0
4,2532,410.671104,1.0
4,2533,410.669312,1.0
4,2534,410.670848,1.0
4,2535,410.67008,1.0
4,2536,410.670592,1.0
4,2537,410.669824,1.0
4,2538,410.670592,1.0
4,2539,410.67008,1.0
4,2540,410.670336,1.0
4,2541,410.670848,1.0
4,2542,410.67008,1.0
4,2543,410.670848,1.0
4,2544,410.669824,1.0
4,2545,410.670848,1.0
4,2546,410.67008,1.0
4,2547,410.670336,1.0
4,2548,410.67008,1.0
4,2549,410.670592,1.0
4,2550,410.670592,1.0
4,2551,410.669824,1.0
4,2552,410.670848,1.0
4,2553,410.670336,1.0
4,2554,410.67008,1.0
4,2555,410.67008,1.0
4,2556,410.670848,1.0
4,2557,410.669568,1.0
4,2558,410.671104,1.0
4,2559,410.670592,1.0
4,2560,410.669824,1.0
4,2561,410.670848,1.0
4,2562,410.67008,1.0
4,2563,410.670592,1.0
4,2564,410.67008,1.0
4,2565,410.670848,1.0
4,2566,410.669568,1.0
